,,,1,2,3,4,5,6,7,8,9,10,11,12,13,14,15,16,17,18,19,20,21,22,23,24,25,26,27,28,29,30,31,32,33,34,35,36,37,38,39,40,41,42,43,44,45,46,47,48,49,50,51,52,53,54,55,56,57,58,59,60,61,62,63,64,65,66,67,68,69,70,71,72,73,74,75,76,77,78,79,80,81,82,83,84,85,86,87,88,89,90,91,92,93,94,95,96,97,98,99,100,101,102,103,104,105,106,107,108,109,110,111,112,113,114,115,116,117,118,119,120,121,122,123,124
filename,overall adjusted,overall,1572068099919,1572068321924,1572068322521,1572068629418,1572068917867,1572069551406,1572069872937,1572070224696,1572071058980,1572071210852,1572071719474,1572073341191,1572075593074,1572076338425,1572078981720,1572081415455,1572082021166,1572085140611,1572086027346,1572087328438,1572088158425,1572088693100,1572088841974,1572090213725,1572092357211,1572092439864,1572109812529,1572112448930,1572113669574,1572115173760,1572239148769,1572266075005,1572267512176,1572271110743,1572286433722,1572291464228,1572303775278,1572406649322,1572428109381,1572435244895,1572443975748,1572453896167,1572469282333,1572487635729,1572539845562,1572703026554,1572728918547,1572757754075,1572798972931,1572802563357,1572803443540,1572842725566,1572873809397,1572912433869,1573015528264,1573035000024,1573071394997,1573078478272,1573302461960,1573324680817,1573408723151,1573437786913,1573532768135,1573580081020,1573928209731,1573944301677,1573998524554,1574001329197,1574190126782,1574392727042,1574458343045,1576111722072,1576111725019,1576111782220,1576111842385,1576111913832,1576111970907,1576112049083,1576112057865,1576112083959,1576112100071,1576112108555,1576112149181,1576112156665,1576112178568,1576112225493,1576112383343,1576112451167,1576112452738,1576112554281,1576112555400,1576112579151,1576112579389,1576112657982,1576112762691,1576112907600,1576112938972,1576112996241,1576113007464,1576113231767,1576113274779,1576113355078,1576113457942,1576113482278,1576113575579,1576113627506,1576113772871,1576113783518,1576113835895,1576113849492,1576113850751,1576113851881,1576113912447,1576113927201,1576114179762,1576114272619,1576114281990,1576114345628,1576114464458,1576114474216,1576115148136,1576115997986,1576116127956,1576118318110
MTurkID,,,A16HSMUJ7C7QA7,A1NF6PELRKACS9,A2OZ5SOGNN9QOA,A1S88VQY8G8CNC,A2WNW8A4MOR7T7,A1RWNYJA5X25YH,A3QDDIWTGHQSLI,A1DVKS3R9SLQ1H,A3KPQ7L5FS8SD6,A1DVKS3R9SLQ1H,A3J9EHZQ9PERAX,A28FONGJUKJEVK,A1YSYI926BBOHW,A1GV0UZU0T2ORS,A2WTDVHVVORNDU,A3DZGDF9HCTAOB,A2SSYBUT9ZM0G9,A2LV5432PV1S39,A175PJR0W3LO8I,A219VCQZADQ45W,A3AA5G6HENO6VJ,AVWU9JDY5G81E,A1IHI23KH87K5W,A3U21PUMQ6NGT2,A2ESBX4C2Q6TQY,A3KNO82DZ519HG,A3SKEW89V5S0DI,A8BGHKGBA8O33,AKX5RHHO8BIUX,A2Z2MH6EOHSLMP,A2QGQOWEM9G55,A3G5IPGLH1IIZN,A3NAHN61XJ3ZAT,A1AXD2Q0MREL8W,A13BDQ7J8MNP40,A3OWHW7XYQU52K,A22KRF782ELLB0,A1XUZFDVKP95VC,A32EY0IHHNAW9N,A1DRFDGG2KCOI2,ACSS93E03ZUGX,A2EEL9YYUHL5SK,A1B5SSGMTAQ9B5,ACCXC5V05C9R9,A1ZAJE7VCC824V,A9EVF0SO2IUJ0,A2KPTJMOIYHG69,A1MIR0TP081SKT,A28G4QO0DRY8OZ,A2LKQQ3GNDQ017,A1MTRZDRKNB9GV,A16FY9L7QTDNRW,A1FKDB1SJ3YL7A,A37M4OVE9R80G,A2BO8M77CS3SGZ,A3LMI7ZDFO8JHR,A2HGRSPR50ENHL,A1BQBQG2GNY8AY,A4406CH0I44GU,AHPOH7GFQK14J,AR95C0P53AFWJ,AAC5XT7UY7B2K,A289DF24X3Q8JZ,A3O81LHBBI8NPK,A299J4PKHAEU9H,A2UX7ZJEGGU5,A26RPQDD0RQEHL,A1QUBZWTBWNKJN,ADYNBOYRPQDEE,A30YUELTPFSF0T,A1Q2C5GJTB09WW,A3P04JZJNOYILR,A3G1X3IP2VM4IK,AKCUBNWHZ22E1,A1V9G7V6ZYACIR,AWAW665TQQP2F,A1RQLE4ZMTU22A,AH4S22PWE826G,COPIEDAMG5FA0P014M0,ARFQ8FJRKCUZ6,APO6KZZ79PO9Q,A3E03IX4OEV14V,A3TUCOUVSP9ZGY,ATP43ZVI1RP0C,A18G2CLYSTENK,A1IR488PZYN94W,A3AHAY1VIJDCGX,A320QA9HJFUOZO,A1AQQFJAF8CI4H,A1IMRSDQ7RO9US,AIHCZOO4BTPTJ,A15CCQOQIM1OY8,A3PRQ2GSU42718,AV5FCKI1TTSKR,AO0B865E9M3KI,A3PT32853VOR8D,ATBBPV37O4K6N,A1XNCA1SVTT15B,AU6E25191M6SL,A1DI0MT3RDQTW8,A2NXMRPHG86N2T,A2U0JT7TSIIXPS,AQ95Z9O4NLMG0,A229SW84D1QRK5,A2HUTXBZ4YCVYT,AJRY9ALX8069Y,A3UF6XXFFRR237,A1CINWYLYY8SGL,A2MT0EBEHD9XGZ,AUI6NMF6FJLUL,A30VOAZX8XTNGW,A1RL5606AOCJYR,A2EPBSY0VPI38S,A3OB6REG5CGHK1,AUFIJSWMX9MZI,A1RATFICCKLCQ,A190FCR1LZC1FR,A3RD4M6HFHIO7Z,ARGR4AJESGHHP,A21SP7E5DFFX37,A27VFM67RPD2L5,A21P70QPUC8RDI,AVD6HMIO1HLFI,AJJ5WPCE800YX
1,0,0,0,0,0,0,0,0,0,0,0,0,0,0,0,0,0,0,0,0,0,0,0,0,0,0,0,0,0,0,0,0,0,0,0,0,0,0,0,0,0,0,0,0,0,0,0,0,0,0,0,0,0,0,0,0,0,0,0,0,0,0,0,0,0,0,0,0,0,0,0,0,0,0,0,0,0,0,0,0,0,0,0,0,0,0,0,0,0,0,0,0,0,0,0,0,0,0,0,0,0,0,0,0,0,0,0,0,0,0,0,0,0,0,0,0,0,0,0,0,0,0,0,0,0,0
2,-1.5639537,-1.1334434,-12.66172142,-19.01742535,-12.63257613,-12.66172142,-6.257242042,-25.31220285,-11.76340314,0.2794114634,-11.94130609,-0.03843294266,-6.329665395,5.850588032,-12.71451462,-11.68555047,-12.02172346,-12.71451462,-13.64741487,-17.79359706,-17.8345953,-18.92735362,-18.92735362,-12.71451462,-12.34384158,-11.83256736,-11.87068737,-12.71451462,-18.92735362,-12.71451462,-19.01742535,-19.01742535,-23.64579702,-19.01742535,-12.63257613,0.8418637458,-37.94477895,-19.01742535,-37.94477896,-37.94477897,-11.92610725,-24.64437545,-25.31220284,-6.329665395,-1.102481537,-37.94477896,-12.59768822,-44.32962822,-19.01742535,-17.80784008,-30.24031693,-37.94477895,-18.52694107,-44.32962822,-17.80784008,-17.28512639,-17.75151996,-2.655831618,-1.666673598,-17.71458459,-12.71451462,0.590407852,-23.64579702,-12.71451462,-1.039100159,-25.31220284,0.02419762689,-11.92610725,-30.09003689,-18.90059895,-11.85506969,-12.38856852,-31.61511356,-12.71451462,-31.61511356,-25.31220284,-5.912772032,-17.60278784,-31.61511357,-23.64579702,-6.700816493,-12.59768822,0.639743909,-0.559675389,-37.94477896,-5.700153761,-31.61511356,-17.76750437,-11.8304461,-17.8345953,-25.31220284,-30.29187509,-1.215279286,-31.61511356,-1.046016208,-11.78733321,0.9002895602,-6.695978585,-19.01742534,-17.8345953,-17.8345953,6.347141099,-1.938726747,-11.68555047,-6.185500738,-19.01742534,-7.455910913,-31.61511356,-29.67401626,-23.92827308,-23.64579702,30.29187511,-6.227557076,0.7204153298,-6.794842974,-23.00101494,-31.61511356,-6.151985591,0.7256013341,-11.27762941,-0.5363682671,-37.94477895,-31.61511356,0.4533679133,-37.94477897,-18.67762039
3,-0.3795079,-0.2912404,-0.04033571039,-6.302910731,-6.302910731,-0.7204153298,6.002731059,-6.294777506,11.86059739,0.002900734411,0.6800796194,0.2754214372,6.302910718,-17.69227102,12.59768822,-1.30E-16,-5.706879559,12.59768822,-8.056421021,5.839384704,-6.065754202,-12.59768822,-6.294777505,18.90059895,-4.68E-16,-0.4291081424,-0.6139409565,6.302910718,-6.294777505,6.302910718,-6.302910731,-6.302910731,-6.057589747,-6.302910731,-6.302910731,0.8418633203,-25.23026433,-6.302910731,-12.63257611,-18.92735362,-4.33E-16,-11.87887959,-12.59768822,12.59768822,-1.043279744,-18.92735361,-6.302910722,-31.6151136,18.92735362,-6.028575355,-18.24154312,-25.23026433,-7.079876975,-12.71451466,-6.028575355,-5.833983875,-6.294516028,-1.69851486,-2.328638595,-6.021212685,6.302910718,1.130821719,-6.057589747,6.302910718,-0.7003143671,-12.59768822,1.167030358,-6.065754202,-18.33201493,-6.302910723,-5.988239643,-1.123786877,-18.90059894,12.59768822,-12.59768822,-12.59768822,6.564517515,-5.839384705,-12.59768822,-6.057589747,-0.348834294,6.302910718,0.6800796193,-0.539058488,-12.63257611,5.827703229,-18.90059894,-5.988239643,-5.911220444,-1.99E-16,-6.294777498,-12.21918633,-1.538663221,-12.59768822,1.341826483,5.784073894,1.589134793,0.04033571039,6.294777495,-1.99E-16,1.28E-16,0.5007463931,3.25E-17,1.49E-16,5.54E-17,6.294777495,-0.5957069691,-12.59768822,2.11E-16,-12.15943198,-6.057589747,18.07268876,-6.227557076,0.04033571039,-0.7204153298,-17.2588267,-18.90059894,-2.53E-16,0.3214355326,0.03675880159,-0.2582843632,-6.329665395,-18.90059894,-0.09626475178,-18.92735362,-11.9413061
4,-1.123576,-0.8519112,-6.736314295,-12.63257613,-19.01742538,-6.736314297,-6.257242042,-18.92735362,-5.853987202,0.5401403789,-6.015898965,-0.05535940506,-12.71451465,-5.826635892,-6.329665395,-5.932986307,-12.02172346,-6.329665395,-2.361636839,-5.853987202,-11.92610725,-25.31220287,-12.59768823,-6.329665395,-6.74962368,-6.242097596,-6.281185239,-6.329665395,-12.59768823,-6.329665395,-12.63257613,-12.63257613,-11.88978628,-12.63257613,-19.01742538,1.776309127,-18.92735361,-12.63257613,-31.55992973,-25.23026435,-6.065754204,-18.88380184,-18.92735362,-12.71451465,-0.7149991745,-25.23026434,-25.23026434,-37.944779,-6.302910731,-11.8954054,-24.227857,-31.55992973,-12.7807086,-25.31220287,-11.8954054,-11.5370496,-12.00138619,-1.69851486,-0.03551163098,-23.62400053,-6.329665395,0.09314453127,-17.73931198,-6.329665394,-1.000221078,-18.92735362,1.147791323,-17.8345953,-12.50537904,-31.61511357,-17.76750437,-1.03931761,-25.23026433,-19.21356333,-25.23026434,-18.92735362,0.7204153296,-11.69337191,-25.23026434,-17.73931198,-1.191236487,-6.294777502,-6.079845764,-0.2828984501,-31.55992973,-11.44624143,-25.23026433,-11.85506969,-11.8304461,-11.92610725,-18.92735362,-24.22162278,-0.9245148882,-25.23026434,-0.02287569936,-5.76004508,-0.06514863002,-12.62138571,-12.63257612,-11.92610725,-11.92610725,-1.02E-15,-0.9437890448,-5.932986307,-6.185500738,-12.63257612,-1.581883731,-25.23026433,-17.73931198,-18.01978503,-17.73931198,12.08406158,-6.227557076,0.6800796194,-0.6800796194,-11.57246834,-25.23026433,-2.16E-16,-1.587236151,-5.688573487,-0.7686003041,-31.55992973,-25.23026433,-0.9670643897,-25.23026435,-12.62138571
5,0.3761693,0.2664273,6.015898965,12.59768823,6.294777495,6.015898966,23.98307489,6.302910718,5.839384704,-0.2496591823,6.736314295,0.2011957195,12.59768821,-17.65193531,25.23026434,11.87226789,-12.58908849,18.90059894,-2.330128566,12.5003413,-5.48E-16,12.63257611,6.302910718,12.59768822,-1.098742372,1.152775588,1.195132667,12.59768821,6.302910718,12.59768821,12.59768823,6.294777495,3.84E-16,12.59768823,18.92735362,0.839140329,-12.63257611,12.59768823,-6.329665395,-6.329665394,6.093677782,-12.95055301,12.63257611,18.90059894,0.3864184193,-12.63257611,19.21356332,-6.384849261,12.59768823,0.6800796194,1.67E-16,-6.329665394,-1.277097918,-19.01742538,-0.04033571038,0.03228567857,0.02241101907,-0.8785171525,-1.164319298,0.639743909,25.23026434,2.027596031,-1.76E-16,12.59768821,-0.4023827632,12.63257611,0.8287405546,12.01306216,-0.639743909,6.329665395,0.7204153298,-0.0001419407095,6.329665395,18.90059894,6.329665395,12.63257611,0.6800796193,5.980876975,6.329665395,6.151985589,0.5464520231,25.51647405,18.13790266,-1.153441226,-6.329665395,6.480335525,6.329665395,0.04033571038,8.09E-16,6.093677782,6.302910718,-6.22755706,-0.6342618007,-6.302910722,0.4596648378,-5.76004508,1.948291195,-0.639743909,12.59768821,6.093677782,1.12E-16,-6.287260088,5.675914456,5.9227997,7.37E-17,31.81125153,-0.1665988265,12.71451465,12.19394944,-6.093677781,-1.76E-16,30.29187511,24.06431803,-6.015898963,5.988239645,0.535836707,6.329665395,17.73931198,-0.3694785467,1.195132667,0.02623323239,6.384849224,6.329665395,-1.398033555,-6.329665394,-11.98164181
6,-2.4264164,-1.5436567,-18.69624317,-25.51647405,-25.51647409,-18.69624317,-6.257242042,-31.81125155,-17.79359706,0.8870922226,-17.97582784,-1.099003231,-19.21356336,11.75802196,-19.21356332,-17.55200028,-18.55342313,-19.21356333,-19.35163204,-11.76340314,-23.86362843,-31.81125157,-31.81125163,-19.21356333,-18.04980783,-17.53578023,-17.57365844,-19.21356332,-31.81125163,-19.21356333,-25.51647406,-25.51647406,-29.67401626,-25.51647405,-25.51647409,-11.072421,-44.44382765,-25.51647406,-44.44382767,-44.44382767,-23.86362843,-30.51579655,-31.81125156,-19.21356336,-1.067347234,-44.44382767,-18.90059894,-50.82867693,-25.51647405,-23.8394847,-42.49838288,-44.44382766,-24.39475319,-50.82867692,-23.8394847,-23.15428138,-23.6220285,-2.275377294,-8.211726224,-29.65419445,-19.21356332,-5.348700771,-29.67401626,-19.21356332,-1.357517975,-31.81125156,-0.02871154685,-23.86362843,-36.11898886,-38.11416227,-23.79914898,-18.09428509,-38.11416227,-6.329665395,-38.11416226,-31.81125155,-11.79653168,-23.63298177,-38.11416227,-29.67401626,-12.26316253,-31.81125159,-0.04033571039,-0.5589997245,-44.44382767,-17.31402284,-38.11416227,-23.79914898,-17.9489502,-23.86362843,-31.81125154,-36.4811771,-0.9109574029,-38.11416227,-6.578547665,5.784073894,1.303688809,-18.65590746,-25.51647405,-23.86362843,-23.86362843,12.2391591,-2.522428743,-17.55200028,-6.185500738,-25.51647405,-13.17501926,-38.11416226,-23.64579702,-29.95730621,-29.67401626,36.72238776,-12.65806973,18.69624317,-12.8425875,-28.86664879,-38.11416227,-12.19394944,-0.4036451367,-16.9805217,-0.8236388809,-44.44382766,-38.11416227,0.9721926226,-44.44382767,-24.60302752
7,-0.2255836,-0.1532532,-0.7204153298,18.92735362,18.92735361,-0.6800796194,11.98430108,-12.59768823,11.82026168,0.01027376899,0.04033571039,1.447173332,18.90059893,17.78697393,6.302910718,5.922799699,-11.45435843,6.302910718,-1.742899775,11.86059739,-2.60E-16,-6.294777505,-25.31220288,25.23026434,0.4049252564,-0.5957069689,7.074747861,25.23026433,-25.31220288,18.90059893,6.294777495,12.59768821,-17.73931197,18.92735362,12.59768823,0.4147941747,-31.55992972,31.81125156,-25.23026434,-31.55992975,-17.8345953,-13.05326526,-6.294777506,38.11416228,0.01145976227,-31.55992973,-31.61511359,-12.71451466,-12.63257613,-0.04033571038,-12.2599731,-18.92735361,-0.1027122523,-37.94477899,0.6800796194,0.6264067857,-0.5472888476,-1.69851486,-2.293126964,-11.86059739,18.90059894,2.461181798,-11.88978628,31.61511359,-0.06082988012,-6.294777506,0.2578855186,-4.35E-16,-24.18260296,-25.23026434,0.6800796194,-6.795341174,-12.59768822,6.302910718,-6.302910724,6.302910718,0.04033571034,6.021212685,-18.90059895,-11.88978628,-0.7733177558,12.63257611,12.19394845,-0.02221873574,-25.23026434,7.097518855,-12.59768822,0.6800796194,-11.8304461,-6.065754204,19.01742537,-18.20781351,-0.9254498874,-18.90059894,-0.9711951689,5.784073894,1.942346289,18.01616355,-6.302910723,-6.065754204,-6.065754205,-7.84E-16,-2.55327206,-2.86E-16,5.906829557,-6.302910723,-1.748482557,-18.90059894,-11.88978628,-6.093677781,-11.88978628,30.29187511,5.991629271,6.736314297,-0.04033571038,-5.899174116,-12.59768822,6.057589746,0.6323708322,1.714011048,-1.112674292,-25.23026433,-12.59768822,0.4403291288,-31.55992975,-30.63754926
8,0.256259,0.2164178,17.97582784,6.294777495,12.59768821,-0.04033571039,17.97061496,19.01742537,12.5003413,0.267190272,0.7204153298,0.9343015723,31.61511358,-11.659704,18.90059894,-1.99E-16,-12.02172346,25.23026434,-0.6187370646,11.82026168,6.093677784,6.302910718,12.63257611,6.302910718,-0.9493156612,0.557068619,0.5212705229,18.90059893,12.63257611,25.23026433,18.92735362,18.92735361,5.03E-16,6.294777495,6.294777495,7.406053447,-6.329665395,6.294777495,-18.92735362,-12.63257612,-6.18E-16,-5.885896821,6.302910718,6.302910718,-0.348271891,-6.329665395,6.329665395,6.499048756,6.294777495,0.639743909,2.58E-16,-12.63257612,-0.6385489592,-31.6151136,0.639743909,1.807209417,0.04482203821,-0.4565649419,-0.6619649966,-0.04033571038,12.59768821,2.984589405,1.62E-16,18.90059893,-0.3591999405,6.302910718,0.263227044,-3.65E-16,-6.672310926,-12.59768823,0.04033571038,0.540138871,-6.302910723,25.23026434,-18.90059894,-6.294777502,12.52071597,6.660956594,-6.302910723,-3.94E-16,-0.3487803021,19.01742534,6.503285308,-0.5601634838,-18.92735362,5.863152194,-6.302910723,0.7204153298,5.60E-16,-6.01E-16,-12.59768822,-5.24E-16,-0.8997138202,6.329665395,0.8303954659,-5.76004508,1.620533477,-0.6800796194,18.92735361,-6.01E-16,6.093677784,-0.500746393,-1.28089716,11.87226789,11.59953628,12.59768821,-1.152775588,-6.302910723,-6.057589748,-6.093677781,1.62E-16,24.06431803,11.98025644,12.66172142,11.85506969,-0.102712252,-6.302910723,11.88978628,0.6989942034,0.6738621439,-0.2521879797,12.88389798,-6.302910723,6.431627105,-12.63257612,-12.66172143
9,0.83718,0.5667504,-0.6800796194,25.31220284,25.31220283,11.94130609,30.05248032,12.63257611,12.54067701,-0.272984124,12.66172142,0.2851069656,25.23026433,-18.37235064,31.61511356,11.87226789,5.750133349,31.61511356,-0.0315082728,18.73939096,12.01306216,19.01742534,19.01742534,31.61511357,-4.24E-16,0.9861767614,1.158373865,31.61511355,19.01742534,31.61511355,25.31220284,25.31220283,6.15198559,25.31220284,25.31220284,-5.510147314,6.384849224,18.92735362,6.384849224,6.384849224,12.01306216,-12.4147163,19.01742534,25.23026434,0.8545853486,6.384849224,12.71451462,-19.01742538,25.31220284,6.754507266,-36.30972236,6.384849224,-1.174385666,-6.384849261,6.754507266,1.213088309,0.5921108861,0.5289911775,5.753161825,0.6800796194,38.11416227,2.01627892,6.15198559,25.23026433,-1.374121477,19.01742534,0.2610360943,18.04415596,-0.6800796194,12.71451462,6.794842977,-0.04503368599,12.71451462,31.61511356,12.71451462,19.01742534,12.52071597,6.701292304,12.71451462,3.49E-16,-0.3180673903,-25.31220284,18.13790266,-0.5496291368,6.384849224,7.132967821,12.71451462,6.794842977,5.992598062,12.01306216,12.63257611,-7.90E-16,-0.3404811171,12.71451462,0.8763441482,-11.78733321,2.294849763,11.9816418,31.81125154,12.01306216,12.01306216,-12.05415406,0.3329634938,11.87226789,17.34053231,18.92735361,5.707428356,6.329665395,2.22E-16,11.95047818,6.15198559,6.070252306,17.99406572,-11.94130609,17.76750437,1.174385666,12.71451462,23.64579702,-0.6542592322,1.809073624,-0.5395131125,-12.63257612,12.71451462,-1.537123558,6.384849224,-5.925407126
10,1.2858195,0.8612308,11.94130609,31.8112516,31.81125159,17.97582784,36.24114084,25.51647412,18.73939096,4.02E-06,18.69624316,-0.7267610142,38.11416234,-18.33201493,38.11416232,11.87226789,11.62064169,38.11416232,-1.18081842,12.54067701,18.04415596,25.51647409,25.51647409,38.11416232,6.237916337,6.991065928,-0.5188783812,38.11416231,25.51647409,38.11416231,31.8112516,31.81125159,12.19394944,31.8112516,31.8112516,1.203232557,12.88389798,25.31220284,12.88389798,12.88389798,18.04415596,-11.77616734,25.51647409,31.61511356,6.150376678,12.88389798,-38.1141623,-25.31220288,31.8112516,12.80225179,-6.257242042,12.88389798,6.017710114,6.499048756,12.80225179,1.839495095,6.556206944,0.1410375848,11.47290404,6.878793572,31.61511356,2.393903641,12.19394944,38.11416234,-6.831252898,25.51647409,0.299857106,6.093677784,0.04033571044,19.21356337,12.8425875,6.34235633,19.21356337,38.11416232,19.21356337,25.51647409,12.52071597,12.90000626,19.21356337,12.19394944,6.180301887,-18.92735362,18.13790266,-0.00391402568,12.88389798,13.17515633,19.21356337,12.8425875,11.87104015,18.04415596,25.51647412,6.430512662,-0.3615485391,19.21356337,6.810980443,-11.78733321,2.250534971,6.056234678,25.31220283,18.04415596,18.04415596,-17.92911945,0,11.87226789,23.20488273,25.31220283,11.4265367,19.2135634,6.15198559,5.919384377,12.19394944,-6.189302013,30.25362005,-17.97582783,23.79914898,1.071673414,19.21356337,29.67401626,-1.696832765,7.667691398,0.3274570399,-18.92735362,19.21356337,-7.05004532,12.88389798,6.034521747
G,219.5,328.7,,,,,,,,,,,,,,,,,,,,,,,,,,,,,,,,,,,,,,,,,,,,,,,,,,,,,,,,,,,,,,,,,,,,,,,,,,,,,,,,,,,,,,,,,,,,,,,,,,,,,,,,,,,,,,,,,,,,,,,,,,,,
p,0,0,,,,,,,,,,,,,,,,,,,,,,,,,,,,,,,,,,,,,,,,,,,,,,,,,,,,,,,,,,,,,,,,,,,,,,,,,,,,,,,,,,,,,,,,,,,,,,,,,,,,,,,,,,,,,,,,,,,,,,,,,,,,
,,,,,,,,,,,,,,,,,,,,,,,,,,,,,,,,,,,,,,,,,,,,,,,,,,,,,,,,,,,,,,,,,,,,,,,,,,,,,,,,,,,,,,,,,,,,,,,,,,,,,,,,,,,,,,,,,,,,,,,,,,,,,,
min,-2.4264164,-1.5436567,-18.69624317,-25.51647405,-25.51647409,-18.69624317,-6.257242042,-31.81125155,-17.79359706,-0.272984124,-17.97582784,-1.099003231,-19.21356336,-18.37235064,-19.21356332,-17.55200028,-18.55342313,-19.21356333,-19.35163204,-17.79359706,-23.86362843,-31.81125157,-31.81125163,-19.21356333,-18.04980783,-17.53578023,-17.57365844,-19.21356332,-31.81125163,-19.21356333,-25.51647406,-25.51647406,-29.67401626,-25.51647405,-25.51647409,-11.072421,-44.44382765,-25.51647406,-44.44382767,-44.44382767,-23.86362843,-30.51579655,-31.81125156,-19.21356336,-1.102481537,-44.44382767,-38.1141623,-50.82867693,-25.51647405,-23.8394847,-42.49838288,-44.44382766,-24.39475319,-50.82867692,-23.8394847,-23.15428138,-23.6220285,-2.655831618,-8.211726224,-29.65419445,-19.21356332,-5.348700771,-29.67401626,-19.21356332,-6.831252898,-31.81125156,-0.02871154685,-23.86362843,-36.11898886,-38.11416227,-23.79914898,-18.09428509,-38.11416227,-19.21356333,-38.11416226,-31.81125155,-11.79653168,-23.63298177,-38.11416227,-29.67401626,-12.26316253,-31.81125159,-6.079845764,-1.153441226,-44.44382767,-17.31402284,-38.11416227,-23.79914898,-17.9489502,-23.86362843,-31.81125154,-36.4811771,-1.538663221,-38.11416227,-6.578547665,-11.78733321,-0.06514863002,-18.65590746,-25.51647405,-23.86362843,-23.86362843,-17.92911945,-2.55327206,-17.55200028,-6.185500738,-25.51647405,-13.17501926,-38.11416226,-29.67401626,-29.95730621,-29.67401626,-6.189302013,-12.65806973,-17.97582783,-12.8425875,-28.86664879,-38.11416227,-12.19394944,-1.696832765,-16.9805217,-1.112674292,-44.44382766,-38.11416227,-7.05004532,-44.44382767,-30.63754926
max,1.2858195,0.8612308,17.97582784,31.8112516,31.81125159,17.97582784,36.24114084,25.51647412,18.73939096,0.8870922226,18.69624316,1.447173332,38.11416234,17.78697393,38.11416232,11.87226789,11.62064169,38.11416232,0,18.73939096,18.04415596,25.51647409,25.51647409,38.11416232,6.237916337,6.991065928,7.074747861,38.11416231,25.51647409,38.11416231,31.8112516,31.81125159,12.19394944,31.8112516,31.8112516,7.406053447,12.88389798,31.81125156,12.88389798,12.88389798,18.04415596,0,25.51647409,38.11416228,6.150376678,12.88389798,19.21356332,6.499048756,31.8112516,12.80225179,0,12.88389798,6.017710114,6.499048756,12.80225179,1.839495095,6.556206944,0.5289911775,11.47290404,6.878793572,38.11416227,2.984589405,12.19394944,38.11416234,0,25.51647409,1.167030358,18.04415596,0.04033571044,19.21356337,12.8425875,6.34235633,19.21356337,38.11416232,19.21356337,25.51647409,12.52071597,12.90000626,19.21356337,12.19394944,6.180301887,25.51647405,18.13790266,0,12.88389798,13.17515633,19.21356337,12.8425875,11.87104015,18.04415596,25.51647412,6.430512662,0,19.21356337,6.810980443,5.784073894,2.294849763,18.01616355,31.81125154,18.04415596,18.04415596,12.2391591,5.675914456,11.87226789,23.20488273,31.81125153,11.4265367,19.2135634,12.19394944,11.95047818,12.19394944,36.72238776,30.25362005,18.69624317,23.79914898,1.174385666,19.21356337,29.67401626,0.7256013341,7.667691398,0.3274570399,12.88389798,19.21356337,6.431627105,12.88389798,6.034521747
,,,,,,,,,,,,,,,,,,,,,,,,,,,,,,,,,,,,,,,,,,,,,,,,,,,,,,,,,,,,,,,,,,,,,,,,,,,,,,,,,,,,,,,,,,,,,,,,,,,,,,,,,,,,,,,,,,,,,,,,,,,,,,
,,,,,,,,,,,,,,,,,,,,,,,,,,,,,,,,,,,,,,,,,,,,,,,,,,,,,,,,,,,,,,,,,,,,,,,,,,,,,,,,,,,,,,,,,,,,,,,,,,,,,,,,,,,,,,,,,,,,,,,,,,,,,,
1,65.36266728,64.18831234,50.98223977,44.50983143,44.50983148,50.98223977,14.72348268,55.49016846,48.70556181,23.53156538,49.01776023,43.1628838,33.51530717,50.80944087,33.51530714,59.65144208,61.48798063,33.51530715,100,48.70556181,56.94318795,55.49016851,55.49016855,33.51530715,74.3165877,71.49627032,71.2973416,33.51530714,55.49016855,33.51530716,44.50983144,44.50983145,70.87522826,44.50983143,44.50983147,59.92064458,77.52588676,44.50983148,77.52588676,77.52588676,56.94318795,100,55.49016849,33.51530721,15.20064923,77.52588676,66.48469286,88.66334103,44.50983144,65.06101233,100,77.52588676,80.21301315,88.66334103,65.06101233,92.64018746,78.27504873,83.3902477,41.7164362,81.17100751,33.51530716,64.18474166,70.87522826,33.51530712,100,55.49016849,2.401149173,56.94318795,99.88845004,66.48469278,64.950931,74.04571184,66.48469278,33.51530714,66.48469277,55.49016849,48.51096575,64.68943014,66.48469278,70.87522826,66.49055867,55.49016856,25.10491751,100,77.52588676,56.78743512,66.48469278,64.950931,60.19099936,56.94318795,55.49016846,85.01454336,100,66.48469278,49.13203521,67.08246608,2.76053705,50.87224949,44.50983147,56.94318795,56.94318795,59.43036962,31.02702868,59.65144207,21.04600216,44.50983148,53.55360157,66.48469274,70.87522826,71.48387023,70.87522826,14.42334722,29.49795218,49.01776023,35.049069,96.09072827,66.48469278,29.12477174,70.04660171,68.89149178,77.26200156,77.52588676,66.48469278,52.29355155,77.52588676,83.54463879
2,23.23297127,17.05748398,16.45536121,11.33665888,22.47411321,16.45536121,0,11.33665888,16.50616127,47.61717529,16.45536121,41.65344634,22.4741132,66.98946664,11.33665889,19.9374536,21.64673442,11.3366589,29.47667237,0,14.38642777,22.47411319,22.47411326,11.3366589,23.49321086,23.25294019,23.13728119,11.33665889,22.47411326,11.33665891,11.3366589,11.3366589,14.39816608,11.33665888,22.4741132,64.47656043,11.3366589,11.33665891,11.3366589,11.33665889,28.48521189,19.24059591,11.3366589,22.47411322,0,11.33665889,44.50983151,11.33665888,11.33665889,16.46113202,28.84360561,11.33665891,19.29410343,11.33665889,16.46113202,23.48246571,19.45278925,0,33.24955836,32.68172275,11.3366589,71.26967258,14.39816608,11.33665888,84.78902517,11.3366589,4.424798825,28.48521189,16.67329808,33.51530714,32.59692482,23.34902113,11.33665891,11.33665889,11.33665889,11.33665891,24.19582895,16.50616127,11.33665889,14.39816608,30.15890025,33.51530722,27.74654999,51.47777134,11.3366589,38.09177353,11.33665891,16.46113202,20.51812906,14.38642777,11.33665888,14.42334722,21.01720052,11.3366589,41.319839,0,40.90842575,32.61318094,11.3366589,14.38642777,14.38642777,80.46949219,7.467874396,19.9374536,0,11.3366589,23.24693753,11.33665888,0,14.38642777,14.39816608,85.01454339,14.98545661,50.98223976,16.50507075,19.52540572,11.33665891,14.43099456,100,23.13714293,40.01760204,11.33665889,11.33665891,55.65639779,11.33665889,32.61318094
3,55.13950501,52.07795791,50.8722495,33.51530713,33.51530718,49.01776024,28.8480932,44.5098314,81.17100751,23.78161224,50.8722495,53.97994343,44.50983145,1.880786291,55.49016848,5.97E+01,42.57478616,55.49016849,58.3682606,64.68943015,42.46913667,33.51530717,44.50983151,66.48469278,7.43E+01,69.7467256,68.80654788,44.50983143,44.50983151,44.50983144,33.51530714,33.51530715,56.40691186,33.51530713,33.51530718,64.47655813,33.51530715,33.51530716,55.49016849,44.50983144,5.69E+01,61.07301485,33.51530715,55.49016856,0.8162546582,44.50983145,55.49016856,33.51530711,77.52588676,48.60825673,57.07708887,33.51530715,56.93348823,66.48469273,48.60825673,69.29844124,57.41724861,30.05871344,29.88670628,64.68943014,44.50983146,77.75467257,56.40691186,44.5098314,89.74837592,33.51530715,100,42.46913667,49.19055912,55.49016848,48.60825673,69.4469339,33.51530715,55.49016849,44.50983143,33.51530715,75.50628039,48.70556181,44.50983144,56.40691187,64.59918791,66.48469285,27.91310433,53.2651967,55.49016849,75.90144011,33.51530715,48.60825673,40.36798677,5.69E+01,44.50983141,56.53935071,0,44.50983144,59.15349731,100,70.09680295,50.98223976,55.49016853,5.69E+01,5.69E+01,61.09021372,3.10E+01,5.97E+01,2.10E+01,55.49016853,51.13218168,44.50983141,7.09E+01,42.46913667,56.40691186,56.53935071,14.98545661,49.1277505,33.08296313,38.63988809,33.51530715,2.91E+01,83.31571531,69.04062552,59.32722316,66.48469277,33.51530715,51.57950994,44.50983144,50.98223976
4,35.09584076,28.76415217,32.61318094,22.47411314,11.3366589,32.61318094,0,22.47411314,32.68172275,70.0923267,32.61318094,40.98866674,11.33665889,34.69565567,22.47411315,39.48786053,21.64673442,22.47411317,87.79618776,32.68172275,28.48521189,11.33665888,33.51530723,22.47411316,46.52631952,46.04620816,45.81421234,22.47411316,33.51530723,22.47411317,22.47411316,22.47411317,42.47693835,22.47411314,11.3366589,69.53350052,44.50983144,22.47411318,22.47411317,33.51530713,42.46913667,38.11794556,22.47411317,11.33665891,5.342478106,33.51530714,22.47411323,22.47411314,33.51530713,32.59692482,42.99110846,22.47411317,38.18843766,44.50983141,32.59692482,46.48049802,38.50669907,30.05871344,41.53603337,16.50616127,22.47411317,65.30248182,28.50557481,22.47411314,85.3581606,22.47411317,98.39103784,14.38642777,65.30434433,11.33665889,16.46113202,69.79260033,22.47411317,0,22.47411315,22.47411317,51.47353512,32.68172275,22.47411315,28.50557481,60.03170441,44.50983151,0,75.47352706,22.47411317,19.24545552,22.47411317,32.59692482,20.51812906,28.48521189,22.47411314,28.56926489,39.9144091,22.47411317,48.96118753,34.30168167,0,16.45536121,22.47411317,28.48521189,28.48521189,5.94E+01,19.55822744,39.48786053,0,22.47411318,47.1235866,22.47411314,28.50557481,28.48521189,28.50557481,42.58364957,14.98545661,50.87224949,33.19304446,57.56852506,22.47411317,2.91E+01,4.5242351,45.81244153,23.89184796,22.47411315,22.47411317,45.12037334,33.51530713,49.1277505
5,75.49589454,75.26688878,67.38681906,66.48469278,55.49016852,67.38681906,71.1563944,66.48469274,64.68943014,2.010638501,67.38681906,51.06475998,55.49016848,1.992336246,77.52588676,100,19.7664275,66.48469278,87.95900748,82.92214791,5.69E+01,77.52588677,66.48469282,55.49016849,69.7927288,76.19632667,76.14606347,55.49016848,66.48469282,55.49016849,66.48469279,55.4901685,7.09E+01,66.48469278,77.52588678,64.46182211,55.49016848,66.48469284,66.48469278,66.48469278,71.48387024,57.56115039,77.52588676,66.48469284,20.52845805,55.49016849,100,77.52588671,66.48469278,66.91703687,1.00E+02,66.48469278,76.01375476,55.49016844,64.950931,92.76936233,78.34931092,55.80575685,35.80157124,82.9221479,77.52588682,88.51602005,7.09E+01,55.49016844,94.10967843,77.52588676,71.70879421,85.60865508,98.11921371,77.52588676,66.91703687,74.04513099,77.52588676,66.48469277,77.52588676,77.52588676,51.30766227,81.0605985,77.52588676,85.56900544,69.45340779,100,100,0,66.48469278,78.04197755,77.52588676,65.06101233,6.02E+01,71.48387024,66.48469274,70.50204783,58.77838684,55.49016849,52.56505268,34.30168167,85.31530491,49.1277505,66.48469282,71.48387024,5.69E+01,38.58973704,100,79.78040387,2.10E+01,100,52.8764134,88.66334103,100,56.94318794,7.09E+01,85.01454339,85.57665278,32.61318094,51.39174328,97.87441088,77.52588676,71.49442519,54.79423439,73.74025166,79.08358767,88.66334102,77.52588676,41.92366931,66.48469278,50.87224949
6,0,0,0,0,0,0,0,0,0,100,0,0,0,83.32670191,0,0,0,0,0,16.50616127,0,0,0,0,0,0,0,0,0,0,0,0,0,0,0,0,0,0,0,0,0,0,0,0,0.4844201014,0,33.51530722,0,0,0,0,0,0,0,0,0,0,11.94585535,0,0,0,0,0,0,80.12783313,0,0,0,0,0,0,0,0,22.47411316,0,0,0,0,0,0,0,0,24.93836317,51.53634949,0,0,0,0,0,0,0,0,40.79553013,0,0,100,58.0016259,0,0,0,0,100,0.3748039614,0,0,0,0,0,14.39816609,0,0,100,0,100,0,0,0,0,53.38381047,0,20.07007313,0,0,59.50476832,0,16.45536121
7,59.28590907,57.81573982,49.01776023,77.52588676,77.52588677,49.12775051,42.92291114,33.51530712,81.0605985,24.41717683,49.1277505,100,66.48469276,100,44.50983142,79.78040387,23.52704135,44.50983143,90.99352566,81.17100752,5.69E+01,44.50983145,11.33665896,77.52588676,75.98378901,69.06747469,100,77.52588675,11.33665896,66.48469277,55.49016848,66.48469278,28.50557481,77.52588676,66.48469281,62.16538711,22.47411316,100,33.51530715,22.47411315,14.38642778,57.22456323,44.50983143,100,15.35865263,22.47411316,11.33665891,66.48469273,22.47411315,64.950931,71.1519068,44.50983144,79.87528236,22.47411314,66.91703687,95.14643851,76.46152703,30.05871344,30.06710912,48.7055618,66.48469283,93.71907619,42.47693835,88.66334103,99.10953553,44.50983143,23.96813764,5.69E+01,33.01053336,22.47411315,66.80695554,46.23771214,44.50983144,44.50983143,55.49016848,66.48469278,48.6768386,81.17100751,33.51530713,42.47693835,62.29764926,77.52588683,75.45620633,98.07370023,33.51530715,80.06624763,44.50983144,66.80695554,20.51812906,42.46913667,88.66334103,42.58364957,39.85364212,33.51530715,41.87864166,100,85.06340194,100,33.51530717,42.46913667,42.46913666,5.94E+01,0,5.97E+01,41.14383301,33.51530717,46.44639843,33.51530712,42.47693835,56.94318794,42.47693835,85.01454339,43.4606493,67.38681906,34.93898767,76.45367442,44.50983144,43.59308813,96.15137098,75.84538755,0,33.51530714,44.50983144,55.5596829,22.47411315,0
8,72.26575768,73.18739442,100,55.49016847,66.4846928,50.8722495,57.00889154,88.66334103,82.9221479,46.56369364,50.98223977,79.85718009,88.66334103,18.56408192,66.48469277,5.97E+01,21.64673442,77.52588676,96.8026621,81.06059851,71.48387024,66.48469279,77.52588679,44.50983143,70.40796433,73.76753103,73.41216605,66.48469277,77.52588679,77.52588676,77.52588677,77.52588676,7.09E+01,55.49016847,55.49016851,100,66.48469277,55.49016852,44.50983143,55.49016848,5.69E+01,80.71196729,66.48469278,44.50983149,10.39879208,66.48469278,77.52588685,100,55.49016848,66.80695554,1.00E+02,55.49016848,78.11338396,33.51530712,66.80695554,99.87082513,78.42357311,69.05460107,38.35358413,81.0605985,55.49016851,100,7.09E+01,66.48469272,94.74181463,66.48469278,24.41484988,5.69E+01,81.43591807,44.50983142,65.06101233,76.25607644,55.49016848,77.52588676,33.51530714,44.50983144,100,82.9221479,55.49016848,7.09E+01,64.59948065,88.6633411,51.95830286,51.43545494,44.50983143,76.01770748,55.49016848,66.91703687,6.02E+01,5.69E+01,33.51530712,8.50E+01,41.52626722,77.52588676,55.33386294,34.30168167,71.42725657,49.01776023,77.52588682,5.69E+01,71.48387024,57.77052551,15.46173365,100,60.51311659,66.48469283,48.86781832,55.49016845,56.40691186,56.94318794,7.09E+01,70.50204783,57.41635042,83.54463879,67.40307519,95.74882177,55.49016848,57.52306165,98.90163655,71.62541063,59.75054451,100,55.49016848,100,55.49016848,49.01776023
9,87.91457461,87.75491993,49.1277505,88.66334102,88.66334103,83.54463879,85.43789174,77.52588672,83.03255691,0,83.54463879,54.36033843,77.52588673,0,88.66334102,100,80.54452267,88.66334102,99.83718028,100,85.60865508,88.66334103,88.66334104,88.66334102,7.43E+01,75.51707575,75.9969309,88.66334102,88.66334104,88.66334102,88.66334103,88.66334102,85.56900544,88.66334102,88.66334103,30.10136848,88.66334102,77.52588682,88.66334102,88.66334102,85.60865508,59.31708262,88.66334102,77.52588683,26.98338817,88.66334102,88.66334111,55.49016845,88.66334102,83.49492926,14.56210826,88.66334102,76.35148555,77.52588671,83.49492926,97.49374895,80.23709481,100,70.94310568,83.03255691,100,88.380214,85.56900544,77.5258867,79.88478106,88.66334102,24.23162056,100,98.00766375,88.66334102,83.49492926,73.8614243,88.66334102,88.66334102,88.66334102,88.66334102,100,83.03255691,88.66334102,7.09E+01,64.76600529,11.33665898,100,52.3487522,88.66334102,80.18251499,88.66334102,83.49492926,80.28690815,85.60865508,77.52588672,8.50E+01,77.87162828,88.66334102,55.67703173,0,100,83.54463879,100,85.60865508,85.60865508,19.47398285,35.07315758,100,80.04670328,77.52588683,76.75306247,77.52588672,7.09E+01,100,85.56900544,28.56926489,71.4307351,16.45536121,83.53886798,100,88.66334102,85.60183391,43.03826193,76.23106491,39.79922991,55.49016848,88.66334102,40.89197236,88.66334102,67.38681906
10,100,100,83.54463879,100,100,100,100,100,100,2.35E+01,100,14.61965452,100,0.1115499554,100,100,100,100,93.89809388,83.03255692,100,100,100,100,100,100,69.19222221,100,100,100,100,100,100,100,100,66.43218081,100,88.66334109,100,100,100,61.40960201,100,88.66334109,100,100,0,44.50983139,100,100,85.27651732,100,100,100,100,100,100,87.81867571,100,100,88.6633411,92.91173413,100,100,0,100,27.47822516,71.48387024,100,100,100,100,100,100,100,100,100,100,100,100,100,22.47411324,100,99.66066536,100,100,100,100,100,100,100,100,76.50242534,100,100,0,98.1222533,67.38681906,88.66334109,100,100,0,31.02702868,100,100,88.6633411,100,100,85.56900544,85.60865507,100,0,100,0,100,99.65809349,100,100,0,100,100,44.50983143,100,0,100,100
,,,,,,,,,,,,,,,,,,,,,,,,,,,,,,,,,,,,,,,,,,,,,,,,,,,,,,,,,,,,,,,,,,,,,,,,,,,,,,,,,,,,,,,,,,,,,,,,,,,,,,,,,,,,,,,,,,,,,,,,,,,,,,
,,,,,,,,,,,,,,,,,,,,,,,,,,,,,,,,,,,,,,,,,,,,,,,,,,,,,,,,,,,,,,,,,,,,,,,,,,,,,,,,,,,,,,,,,,,,,,,,,,,,,,,,,,,,,,,,,,,,,,,,,,,,,,
,,,,,,,,,,,,,,,,,,,,,,,,,,,,,,,,,,,,,,,,,,,,,,,,,,,,,,,,,,,,,,,,,,,,,,,,,,,,,,,,,,,,,,,,,,,,,,,,,,,,,,,,,,,,,,,,,,,,,,,,,,,,,,
,,,,,,,,,,,,,,,,,,,,,,,,,,,,,,,,,,,,,,,,,,,,,,,,,,,,,,,,,,,,,,,,,,,,,,,,,,,,,,,,,,,,,,,,,,,,,,,,,,,,,,,,,,,,,,,,,,,,,,,,,,,,,,
questionable?,12,,,,,,,,,?,,,,,,,,,,,,,,,,,,,,,,,,,,,,,,,,,,,,,,,,,,,,,,,,,,,,,,,?,,?,,,,,,,,,,,,,,,,,?,,,,,,,,,?,,,?,,,,,,?,,,,,,,,,,?,,?,,,,,?,,?,,,?,,
,,,,,,,,,,,,,,,,,,,,,,,,,,,,,,,,,,,,,,,,,,,,,,,,,,,,,,,,,,,,,,,,,reverted?,,,,,,,,,,,,,,,,,,,,,,,,,,,,,,,reverted?,,,,,,reverted?,,,,,,,,,,reverted?,,reverted?,,,,,reverted?,,,,,reverted?,,
1-71 textiles,,,,,,,,,,,,,,,,,,,,,,,,,,,,,,,,,,,,,,,,,,,,,,,,,,,,,,,,,,,,,,,,,,,,,,,,,,,,,,,,,,,,,,,,,,,,,,,,,,,,,,,,,,,,,,,,,,,,,,,,,,,,,,
72 - 124 textiles 2,,,,,,,,,,,,,,,,,,,,,,,,,,,,,,,,,,,,,,,,,,,,,,,,,,,,,,,,,,,,,,,,,,,,,,,,,,,,,,,,,,,,,,,,,,,,,,,,,,,,,,,,,,,,,,,,,,,,,,,,,,,,,,