,,,1,2,3,4,5,6,7,8,9,10,11,12,13,14,15,16,17,18,19,20,21,22,23,24,25,26,27,28,29,30,31,32,33,34,35,36,37,38,39,40,41,42,43,44,45,46,47,48,49,50,51,52,53,54,55,56,57,58,59,60,61,62,63,64,65,66,67,68,69,70,71,72,73,74,75,76,77,78,79,80,81,82,83,84,85,86,87,88,89,90,91,92,93,94,95
filename,overall adjusted,overall,1572061174119,1572061217976,1572061308174,1572061311935,1572061381555,1572061733085,1572297363312,1572297383217,1572297410772,1572297411227,1572297437137,1572297437728,1572297456126,1572297536657,1572297553933,1572297571429,1572297587025,1572297588830,1572297617912,1572297635525,1572297667066,1572297676698,1572297710410,1572297734718,1572297771098,1572297781514,1572297840974,1572297850500,1572297858847,1572297878944,1572297906812,1572297907961,1572297932471,1572298000516,1572298054787,1572298087591,1572298115560,1572298117763,1572298119589,1572298127699,1572298187271,1572298291050,1572298323908,1572298396486,1572298488161,1572298498479,1572298507407,1572298519521,1572298568955,1572298612981,1572298616141,1572298649985,1572298726366,1572298730361,1572298739169,1572298795529,1572298820076,1572298918303,1572299019847,1572299023401,1572299192602,1572299220225,1572299286886,1572299288675,1572299289106,1572299313890,1572299353830,1572299367267,1572299446766,1572299570687,1572299695179,1572299750275,1572299772199,1572299799418,1572299917931,1572299975402,1572300027866,1572300109469,1572300157169,1572300269755,1572300303307,1572300326065,1572300355926,1572300445043,1572300643528,1572301001401,1572301049233,1572301409650,1572301995609,1572302073352,1572302432557,1572302737208,1572302739096,1572302846815,1572303960381
MTurkID,,,ABVGS2Z9NNGD0,A3P04JZJNOYILR,A2ARNUDI3RU7CH,A3FVJMNU6SUGYU,A2OGID6HB9773,A3FI3B2Y2R278B,A219Y0MX694TM2,A2CP3VS1DEJJLF,A2Q4Z6CADBW6WD,A21SDT0AHZO52X,A364KJDYEBAWC9,ACGTDVVR5QSOS,A10IZOZGBH42K,A2J6Q0K995TRVM,A2A1E85FL1JAB9,A1ZZINLCZZYOH4,A3774HPOUKYTX7,A34FN7NR8AALJ8,A2J9U65SKT4TJW,AEDXHTKDINCPD,A1T643M1P572AA,A1OOS9Z432SQB0,A18H3EK547GHD4,ATP43ZVI1RP0C,A320QA9HJFUOZO,ASCTCB5BHNS43,A2INXY39KBM92F,A2R89RXGEVG05I,A3UDNIK63I8VH1,A3PFB892WE3BV5,A1HM9FS1R9YM7Y,ABL3H3O3BI8ZD,A2OP2ZANIM5ZV,A2XKIP0PJ3FJ20,A2BZY06YRWGEDL,ATXUM0GBU5MC8,AZBS0MVCBSCGY,A2WZ71TT9AJPV,A3JLE2LJ5I17E2,A16SAB417Y96G4,A2WVCXVSE0YGML,AR3NVKJH0L8RL,A2NU5FKG1M1VG4,A383WPMTMRQEA0,A1XGHGHD0LCPXJ,A3MJCHFORYK0US,A2H6K1XIK4LY7O,A1YFVXP4A1CXSF,A2G44A4ZPWRPXU,A30UE6DWFNUCWX,AE0X131JOSOTA,A2I0ANKY20XQRX,A2PDCGN3PDAK67,AR8AGQVBAQ488,A29DPTJAMWQ74F,AZZOTPTKD7RF5,A1DNJ17PE2RYJZ,A3IWYWEH83GH6B,AJTHGXBMZJ3HE,A15BOS6WJAPZX5,A27A3Z6J7745DI,A1PP1FS377QA79,AEF74ZYJTTEIA,AV7HDMX9AEEA1,A3IPVESY1MUTW1,A1Y9VA9FKJLS5K,A2GL4H2GRVX15O,AA5ZDXAA2DLY1,A1RCBWN98I5B90,A2OC4PZXSR522W,A2EBYJVHW8NGM2,A355AKNHYKLVMD,A2MX5YW3DSQ61W,A230GPTWWF3SE7,A36O6HV8LCXLJR,A2RY24DUOWXUWU,A7ERZELTAMWL5,A200RIU9CD4AJ8,A3TI6XISG3CKJF,A16G6PPH1INQL8,A1178K7BRHRNW8,AO2WNSGOXAX52,A369HDC6T90Q1H,A24JKHC4HTY6CD,AFASY2VX8PADR,A142YEQ6O81P55,AJFVK3O1D7SPE,A3JC5R5HMP1XSA,A1KUYDFB4IDS2S,AV5FCKI1TTSKR,A2XPWASDT8AYXH,ADXRJFEHIDXRE,A2HITRHQ441VHA,A2ESBX4C2Q6TQY,A18XFOKU5G1OL1
1,0,0,0,0,0,0,0,0,0,0,0,0,0,0,0,0,0,0,0,0,0,0,0,0,0,0,0,0,0,0,0,0,0,0,0,0,0,0,0,0,0,0,0,0,0,0,0,0,0,0,0,0,0,0,0,0,0,0,0,0,0,0,0,0,0,0,0,0,0,0,0,0,0,0,0,0,0,0,0,0,0,0,0,0,0,0,0,0,0,0,0,0,0,0,0,0,0
2,-0.09013861,-0.08702884,-5.802779056,18.92735362,5.980876975,-6.254102311,-0.5507540598,0.9517629867,-7.187804932,-11.45114251,1.022598753,-12.63257613,-6.074427649,23.89129757,11.57206934,0.09140497273,-7.466143209,0.6800796193,-0.7762906319,-12.59768822,-6.074427649,-4.19E-16,6.384849224,18.96104859,-12.01306216,2.297405851,-17.65193531,5.700153761,-0.8856511459,-38.11416236,23.9391694,-19.21356341,18.82472226,-0.3506864492,-6.467036431,-2.312616736,-1.124970296,1.52825279,-1.421294126,-6.3148439,0.007338537658,-1.34012943,31.8112516,-0.5658355035,11.86059739,-18.04177187,25.23026433,-6.294777498,0.3107382836,7.326763522,-7.500477859,-2.116250454,-17.73931198,0.01481330029,0.3355772691,-12.59768822,-12.71451462,6.668319262,-0.3548429263,-0.2677513922,0.0105809795,1.450297758,-12.71451462,18.33922184,19.01742535,-44.44382769,-11.2859324,0.1065674781,12.71451462,-6.01380928,-0.4439997954,11.69451169,6.015898969,2.81E-16,-12.01306216,-1.345268367,12.63257613,6.329665395,-12.20957534,37.94477898,-12.57548502,-6.01380928,0.535836707,-0.3038987865,0.1019209971,-0.2939359856,1.199616046,18.24154312,0.535836707,-0.76347753,-57.32772569,-5.932986308,-6.302910731,-12.71451466,1.000873578,-19.01742534,0.0002483776991
3,0.85107583,0.65960373,17.31487621,37.94477898,29.61385874,-0.5007463927,-0.8289654925,1.554801939,-0.639743909,7.673478971,12.62637918,31.81125158,24.51956432,17.73931198,0.4967901196,1.379851031,-18.73092485,12.4562061,1.257764181,25.51647405,24.51956432,6.60045243,-6.329665394,7.125229406,-5.919384376,0.6081176853,17.78697393,12.83312158,1.798102047,-6.302910722,18.01978503,38.11416227,18.99132108,-0.9015257762,-6.099120563,0.02458023441,11.52407341,1.518979323,-7.863299673,2.15E-16,-0.0002007394939,-0.2999646225,50.82867697,-0.5696510523,12.5003413,6.041963854,44.44382766,19.01742538,0.5975730332,7.35810487,-5.728163037,-1.362034242,12.19394944,11.62045537,-0.8644951376,19.01742537,25.23026433,18.83082715,1.883584528,0.2852773901,-0.2506001443,0.5887259808,38.11416227,24.30355648,50.8286769,-6.499048714,2.328767075,1.707704728,44.32962821,24.63832613,0.01481330028,12.71791572,18.67762039,29.67401626,17.83459529,11.64930017,44.44382768,37.94477898,17.58820728,31.55992972,6.074427639,18.20781351,1.071673414,-0.5577075445,-1.632849816,-1.222435183,0.6392556979,30.24031694,7.09974797,-0.5136479955,-19.21356333,-11.85578601,31.81125158,-25.31220287,-0.05437656305,18.92735362,-0.2804745078
4,0.32671604,0.26654697,-7.079876974,6.329665395,17.67424888,-11.93474733,-0.824205915,2.656906984,0.04033571032,5.866269554,12.62637918,25.31220286,12.57548502,-5.906485045,0.09074369003,-6.122093948,-24.43664142,18.16673173,0.875717608,-6.294777506,12.57548502,5.880037101,-44.44382771,5.890862745,-18.07881636,1.108230986,5.850588032,12.18048929,1.083048763,12.71451462,5.860353045,18.90059895,5.748498428,-1.192249377,-13.20365282,-0.3980789981,17.27530207,0.6753298957,-13.42278796,0.5673650308,-0.2549217573,-0.06132921364,38.11416232,0.2652898617,5.839384704,-6.151985588,12.63257612,6.302910718,0.5936232952,6.539411663,-6.342103994,-1.102773531,-11.88978628,6.081103019,-0.2225736513,25.51647412,18.90059894,6.028575353,1.370580633,-0.2809481947,0.5954830176,1.158308772,18.90059895,17.77185681,31.61511358,-19.21356336,1.720649389,1.406573808,50.82867697,18.2078135,-6.615124817,11.7074004,6.736314298,23.64579702,1.33E-16,0.3597405739,25.23026435,18.92735362,11.68172223,6.329665395,-0.6800796194,18.20781351,-11.60632293,1.542383418,1.434727451,-0.3002845223,0.3311032861,6.257242045,7.09974797,-0.2513177999,-6.499048715,-17.80525419,25.31220287,-19.01742538,0.007506220847,12.59768823,0.2759538865
5,-0.14792954,-0.1791612,-6.977164722,-6.384849253,-0.7204153298,-29.23868439,-0.5287092338,-1.176778352,-0.6800796191,6.460390661,0.5302844251,-6.302910731,0.0403357104,-11.93470428,-1.213679461,-11.72378323,-7.381673942,0.04033571031,0.5147106818,-25.31220284,0.0403357104,-1.57E-16,-12.63257612,-11.63124749,-12.01306216,-16.9680846,-17.69227102,-11.61386908,1.506296624,19.21356337,-11.93752118,25.23026434,11.45321402,-1.16495155,5.555040584,-0.8748361378,-0.08175694829,-0.3208806408,-0.184358522,-12.02172346,-0.5270127013,-0.2743522053,25.5164741,-0.2765533351,-11.76340314,-29.79778261,-6.384849223,-12.59768822,1.62877022,7.642685166,-5.823225613,-0.378631781,-23.64579702,-0.4669480163,0.03039820928,-25.31220284,-6.329665395,-11.77926472,-11.64666755,-0.2823546529,-0.2616351638,0.3020301337,12.59768822,11.45701291,12.71451462,-50.82867692,1.220536088,1.367621438,-6.499048705,11.98025644,-0.4669480162,18.51776624,-5.925407124,-6.151985589,-6.093677781,-1.345273104,31.55992975,-6.384849253,-6.057589749,-12.88389801,-6.708654975,24.63832617,-17.3525554,0.3233167805,1.317613057,-1.550179511,0.9134038413,2.95E-16,-0.1027122519,-0.5097497946,-12.88389794,-17.80525419,12.59768822,-6.384849262,7.233162065,31.81125155,-1.311042089
6,-0.1473842,-0.14049948,-5.905491308,25.23026434,-0.04033571038,-4.73E-16,-0.5427099836,0.4787447867,-13.10646633,-5.703065726,1.034402111,-19.01742538,0.7204153298,17.73931198,-0.7168893405,-0.5120011554,-6.342498273,0.7204153294,0.2742166863,12.63257611,0.6800796194,-2.34E-16,-25.23026434,6.508046076,-23.9391694,-5.672165103,-5.826635892,11.52785699,0.3578205063,-25.23026434,11.92610725,-6.329665395,17.83854549,-0.6145553646,-6.00771559,-2.17429555,-1.671806929,1.945193185,-1.866914033,-17.77185681,-0.2558770534,0.2962780823,57.32772573,-0.2867065374,-5.853987202,-23.89129756,18.92735361,-18.92735362,0.3684395556,6.567372818,-6.863374517,-1.757827509,6.27E-18,-0.4439997958,-0.9156401418,-18.92735362,6.302910718,5.988239643,-0.5546017572,0.9633970576,0.2879733495,0.8537543876,-6.329665394,5.750133349,25.31220284,-38.1141623,-5.694921339,1.342371089,19.01742534,-18.27336361,-12.21451627,12.14277399,6.056234679,-2.21E-16,2.06E-16,-0.9255421759,6.329665395,25.23026434,-6.057589749,12.63257611,-18.4879197,-12.08406159,-5.905491308,-0.3227786292,0.4421016639,-1.166489215,0.9232907295,12.2599731,-5.826689026,-0.7964018926,-44.44382768,11.61901398,-12.63257613,-50.82867701,1.020357949,-25.51647405,-0.2773867284
7,0.54634958,0.44110109,11.44706409,44.44382774,23.58366482,-3.92E-17,-0.284715455,2.566774199,-6.507725313,7.047072185,12.62637918,18.92735361,6.708654974,5.849525696,-0.3584446702,0.4593208401,-13.13769751,6.625772624,0.8902239003,19.01742534,18.4879197,5.920372811,-37.94477896,7.160678371,-35.87669059,1.710314839,-18.37235064,18.87531009,0.3843775593,-18.90059895,11.92610725,31.61511357,18.39561411,-0.9044187937,-7.520995676,0.5558378648,23.146586,1.935169332,-1.739124823,6.531699682,0.2714138934,-0.0003354824041,44.44382772,-0.2543355165,12.54067701,-6.151985588,31.55992973,12.63257611,-0.7876788734,5.937142258,-19.00441931,-0.3487802764,6.151985591,0.4926917549,0.004183987639,12.63257611,38.11416226,12.78308262,0.9423425619,-0.2651815107,-0.2486285692,0.6090385504,31.61511356,17.20449178,37.94477897,-12.88389797,2.237838356,1.276178117,37.94477896,18.2078135,0.4926917557,11.21508973,24.71214214,17.73931198,23.86362843,6.094014469,18.92735362,44.44382774,23.61642652,18.92735361,12.12217217,18.20781351,1.174385666,0.9693726863,-1.087188642,-1.226868167,0.4080803716,42.49838289,7.09974797,0.03831129252,-38.11416228,-17.80525419,6.294777495,-37.94477899,1.942522617,6.294777495,0.2730766195
8,0.34030213,0.27192353,5.700831624,31.55992973,11.82026168,0.5007463934,-0.2736990643,2.048833137,-6.548061023,5.833983876,6.992017073,6.294777495,18.4879197,17.73931198,-0.8076330302,0.4678115705,-6.342356332,6.625772624,1.18832365,6.302910718,6.708654973,6.56011672,-18.92735362,5.85541378,-12.01306216,0.09092871837,11.75802196,12.79767262,1.496298885,-12.59768823,11.92610725,12.59768822,17.40943735,-1.154569943,-6.475527161,-0.785579807,5.816331859,0.2149316821,-2.361742789,-0.5673650304,0.282028418,0.3003139281,19.21356337,-0.0122246257,11.82026168,-12.20957534,6.329665395,25.51647413,0.6028268081,5.28675227,-7.537236661,-1.455731541,-4.94E-16,17.20188452,-0.5733440054,-6.294777506,31.61511355,6.708654972,0.9314239175,-0.5607925097,-0.2533309689,0.8512999597,25.23026434,17.77185681,44.32962819,-31.81125158,0.03136122394,2.518532509,31.61511356,5.988627173,-1.009171727,12.19136284,6.695978588,11.88978628,6.065754201,0.5500296736,37.94477897,12.63257611,-6.057589749,25.23026433,-0.7204153298,11.98025644,-0.102712252,-0.3227626654,-1.128930669,-0.8766474091,1.1992796,24.22785701,1.071673414,-0.2482302128,-25.51647406,-5.932986308,18.92735361,-31.6151136,0.6964623545,-12.63257612,-0.005688184261
9,0.26716995,0.23378425,-6.441328015,-12.88389797,-0.6800796194,-17.62568485,0.2926624573,-0.5890361752,5.918661395,7.641193292,0.5483734288,12.59768821,0.6800796194,29.93326142,6.012908157,1.513280086,-6.387390018,6.625772624,-0.05837651217,-31.81125155,0.7204153298,-4.15E-16,12.88389798,13.0757269,6.031093798,2.328767075,-18.33201493,11.56330595,-0.3930306034,6.329665395,29.9702632,6.302910718,17.24283853,-0.8906953357,-7.387566621,-1.746044096,-1.144397857,2.135876664,-0.9982653549,6.37E-11,-0.5457630317,0.6121488802,6.499048756,0.57388915,18.73939096,-6.151985588,37.94477895,-25.31220287,0.3106042302,5.791954496,5.718192187,-2.138730911,-6.057589749,22.90558734,1.047507729,6.302910718,12.59768821,-5.866830044,1.248481398,-0.2823547247,-0.2644535702,0.8680238732,6.302910718,17.77185681,-6.499048705,-57.32772562,0.6184522355,2.087608459,25.31220283,18.2078135,6.301346255,5.59976953,12.75221327,6.057589746,11.92610725,-1.206111987,-6.384849253,31.55992973,5.832196534,44.44382774,-0.0403357104,5.988627173,7.19209578,-0.3050953248,-0.6910538406,-0.9177556767,1.501941069,36.30972236,1.174385666,-0.775927969,-31.81125156,5.752564163,-25.51647413,6.499048756,0.3471481218,25.31220284,0.0002483801044
10,-0.80489166,-0.68216236,-13.09758709,12.63257611,-6.919129272,-23.37096748,-0.5186588531,-1.208306746,-7.228140642,-17.3202975,1.566052208,-25.51647409,-12.12217218,11.68172223,-6.865332306,-17.43458046,-5.802217461,-5.875955156,-0.02652420965,-18.92735362,-12.12217218,-5.914644815,-31.55992974,-5.759944043,-29.84765745,-11.26374488,-11.659704,-5.746087665,0.127099417,-31.6151136,-5.908488049,-12.71451466,-5.869220826,-0.341957216,-5.495714436,-7.650484427,-1.058921579,-5.62170876,-1.008237744,-23.64236515,-0.2550822169,-0.9698866783,12.88389798,-0.2869171443,-17.79359706,-35.82600185,-12.88389794,-31.81125158,0.9150576664,6.594229475,-13.28664435,-1.776845962,-29.67401626,-1.009171728,0.01791255949,-31.81125156,-19.21356333,-17.81090934,-6.093427684,-0.4841790917,-0.8415675787,0.5732458569,-19.21356332,-5.870508341,6.384849224,-25.51647409,-16.99015393,-5.35326039,6.384849224,-12.08406159,-17.92384149,-5.709407997,-11.95992887,-12.19394944,-18.04415596,-1.336316664,-12.88389796,-12.88389797,-18.25153919,-6.384849253,-24.51956432,-18.2733636,-23.22036752,1.04940427,0.06645409094,0.02240884334,0.642012992,4.54E-16,-11.54402244,0.0145944137,-50.82867694,-5.932986308,-19.01742538,-44.32962825,1.455737926,-6.302910723,-0.2922574495
G,57.88,59.22,,,,,,,,,,,,,,,,,,,,,,,,,,,,,,,,,,,,,,,,,,,,,,,,,,,,,,,,,,,,,,,,,,,,,,,,,,,,,,,,,,,,,,,,,,,,,,,
p,0.01181,0.008719,,,,,,,,,,,,,,,,,,,,,,,,,,,,,,,,,,,,,,,,,,,,,,,,,,,,,,,,,,,,,,,,,,,,,,,,,,,,,,,,,,,,,,,,,,,,,,,
,,,,,,,,,,,,,,,,,,,,,,,,,,,,,,,,,,,,,,,,,,,,,,,,,,,,,,,,,,,,,,,,,,,,,,,,,,,,,,,,,,,,,,,,,,,,,,,,,
min,-0.80489166,-0.68216236,-13.09758709,-12.88389797,-6.919129272,-29.23868439,-0.8289654925,-1.208306746,-13.10646633,-17.3202975,0,-25.51647409,-12.12217218,-11.93470428,-6.865332306,-17.43458046,-24.43664142,-5.875955156,-0.7762906319,-31.81125155,-12.12217218,-5.914644815,-44.44382771,-11.63124749,-35.87669059,-16.9680846,-18.37235064,-11.61386908,-0.8856511459,-38.11416236,-11.93752118,-19.21356341,-5.869220826,-1.192249377,-13.20365282,-7.650484427,-1.671806929,-5.62170876,-13.42278796,-23.64236515,-0.5457630317,-1.34012943,0,-0.5696510523,-17.79359706,-35.82600185,-12.88389794,-31.81125158,-0.7876788734,0,-19.00441931,-2.138730911,-29.67401626,-1.009171728,-0.9156401418,-31.81125156,-19.21356333,-17.81090934,-11.64666755,-0.5607925097,-0.8415675787,0,-19.21356332,-5.870508341,-6.499048705,-57.32772562,-16.99015393,-5.35326039,-6.499048705,-18.27336361,-17.92384149,-5.709407997,-11.95992887,-12.19394944,-18.04415596,-1.345273104,-12.88389796,-12.88389797,-18.25153919,-12.88389801,-24.51956432,-18.2733636,-23.22036752,-0.5577075445,-1.632849816,-1.550179511,0,0,-11.54402244,-0.7964018926,-57.32772569,-17.80525419,-25.51647413,-50.82867701,-0.05437656305,-25.51647405,-1.311042089
max,0.85107583,0.65960373,17.31487621,44.44382774,29.61385874,0.5007463934,0.2926624573,2.656906984,5.918661395,7.673478971,12.62637918,31.81125158,24.51956432,29.93326142,11.57206934,1.513280086,0,18.16673173,1.257764181,25.51647405,24.51956432,6.60045243,12.88389798,18.96104859,6.031093798,2.328767075,17.78697393,18.87531009,1.798102047,19.21356337,29.9702632,38.11416227,18.99132108,0,5.555040584,0.5558378648,23.146586,2.135876664,0,6.531699682,0.282028418,0.6121488802,57.32772573,0.57388915,18.73939096,6.041963854,44.44382766,25.51647413,1.62877022,7.642685166,5.718192187,0,12.19394944,22.90558734,1.047507729,25.51647412,38.11416226,18.83082715,1.883584528,0.9633970576,0.5954830176,1.450297758,38.11416227,24.30355648,50.8286769,0,2.328767075,2.518532509,50.82867697,24.63832613,6.301346255,18.51776624,24.71214214,29.67401626,23.86362843,11.64930017,44.44382768,44.44382774,23.61642652,44.44382774,12.12217217,24.63832617,7.19209578,1.542383418,1.434727451,0.02240884334,1.501941069,42.49838289,7.09974797,0.03831129252,0,11.61901398,31.81125158,6.499048756,7.233162065,31.81125155,0.2759538865
,,,,,,,,,,,,,,,,,,,,,,,,,,,,,,,,,,,,,,,,,,,,,,,,,,,,,,,,,,,,,,,,,,,,,,,,,,,,,,,,,,,,,,,,,,,,,,,,,
,,,,,,,,,,,,,,,,,,,,,,,,,,,,,,,,,,,,,,,,,,,,,,,,,,,,,,,,,,,,,,,,,,,,,,,,,,,,,,,,,,,,,,,,,,,,,,,,,
1,48.60552305,50.84063199,43.06651177,22.47411319,18.93940148,98.31622065,73.90734982,31.26105904,68.8902935,69.29844124,0,44.50983149,33.08296314,28.50557481,37.23589929,92.01345143,100,24.43967758,38.16468598,55.49016853,33.08296314,47.26007876,77.52588678,38.02018474,85.60865508,87.93188073,50.80944088,38.09177353,33.0004692,66.48469283,28.4852119,33.51530727,23.6085796,100,70.38684697,93.22671174,6.736161094,72.46724919,100,78.35326557,65.93001557,68.64438451,0,49.81469398,48.70556181,85.56900544,22.47411319,55.49016848,32.59654323,0,76.87059805,100,70.87522826,4.219869934,46.64142499,55.49016847,33.51530718,48.60825672,86.07871814,36.79283219,58.56213977,0,33.51530717,19.45547733,11.3366589,100,87.94566697,68.00560506,11.33665888,42.58364962,73.98845234,23.56613256,32.61318094,29.12477174,43.05681205,10.35257623,22.4741132,22.47411319,43.59308814,22.47411325,66.91703688,42.58364959,76.35148554,26.55635182,53.22929707,98.57503438,0,0,61.91892619,95.41024472,100,60.51213947,44.50983153,88.66334105,0.7461581451,44.50983147,82.61155726
2,43.16226341,44.35449103,23.98624524,55.49016849,35.31056984,77.28655685,24.80425284,55.88487167,31.10970649,23.4824657,8.098907368,22.47411321,16.50507074,85.56900544,100,92.49585403,69.44693389,27.26831159,0,33.51530716,16.50507074,4.73E+01,88.66334103,100,56.94318796,99.8374801,1.992336246,56.78743512,0,0,85.60865508,0,99.32986647,70.5861495,35.91197022,65.04579641,2.203352303,92.16735826,89.41133444,57.42521383,66.81653568,0,55.4901685,0.3336610924,81.17100751,42.47693835,66.48469284,44.50983144,45.45583683,95.86635276,46.5320642,1.05111196,28.50557481,4.281812019,63.73526056,33.51530713,11.33665892,66.80695553,83.45612897,19.2260283,59.29843809,100,11.3366589,80.2335725,44.50983148,22.47411316,29.52660516,69.3593942,33.51530712,28.56926493,72.15565005,71.83635827,49.01776024,2.91E+01,14.39134492,0.00003644793547,44.50983149,33.51530717,14.43099456,88.66334104,32.59692482,28.5692649,78.11338395,12.08560784,56.55182127,79.88381206,79.87104629,42.92291114,64.79300528,3.944392301,0,40.34855792,33.51530723,66.48469278,14.48019962,11.3366589,82.62720807
3,100,100,100,88.66334104,100,96.63244131,0,71.48656912,65.52766741,100,100,100,100,70.87522827,39.93036855,99.29580939,23.34902113,76.24838829,100,100,100,100,66.48469281,61.31111193,71.48387024,91.08326364,100,80.18251499,100,55.49016855,71.48387024,100,100,24.38446235,37.87327882,93.52623975,53.16976153,92.04781762,41.41828289,7.84E+01,65.90576556,53.27953509,88.66334104,0,82.9221479,100,100,88.66334104,57.32592962,96.2764357,53.7008652,36.31577328,100,52.81101543,2.605254802,88.66334103,77.52588682,100,100,55.50949291,41.12363447,40.59345589,100,100,100,88.66334109,100,89.69957935,88.66334103,100,74.04960068,76.06055718,83.54463879,100,85.61357222,100,100,88.66334104,85.60183391,77.52588673,83.49492926,85.01454339,79.87528236,0,0,20.84107561,42.56196939,71.15639439,100,33.87437772,66.48469288,20.21959612,100,44.50983149,0,77.52588683,64.93826054
4,68.33513984,70.70601479,19.78698684,33.51530717,67.31827724,58.18516564,0.4243454722,100,69.10230633,92.76936233,100,88.6633411,67.40307518,14.39816609,37.72807108,59.70323924,0,100,81.21748881,44.50983146,67.40307518,94.24362979,0,57.27621812,42.46913668,93.67494704,66.98946664,78.04197755,73.35622047,88.66334104,42.46913668,66.48469289,46.73156079,0,0,88.37582989,76.34301322,81.17266278,0,80.23357249,35.13460722,65.50296695,66.48469277,73.01369137,64.68943014,70.87522826,44.50983148,66.48469275,57.16247747,85.56432092,51.21754763,48.43794862,42.47693835,29.64811281,35.30383527,100,66.48469283,65.06101232,96.20846757,18.36020407,100,79.86696284,66.48469284,78.35326558,66.48469284,66.48469278,96.85221713,85.87413673,100,85.01454343,46.68164718,71.88955769,50.98223977,85.60183391,4.31E+01,13.12096705,66.48469285,55.49016849,71.49442519,33.51530721,65.06101235,85.01454339,38.18843766,100,100,79.48011222,22.04502514,14.72348268,100,65.3019627,88.6633411,0,88.66334111,55.49016851,0.8491589144,66.48469284,100
5,39.67240444,37.48799167,20.12471763,11.33665889,16.96744307,0,26.76968408,0.815696014,65.31565459,95.14643851,4.199813879,33.51530719,33.19304447,0,30.65319591,30.13953591,69.79260032,24.60744464,63.46934732,11.3366589,33.19304447,4.73E+01,55.49016852,0,56.94318796,0,1.880786291,0,89.12696501,100,0,77.52588687,69.67842821,2.289607116,100,82.56619772,6.406740295,68.33090233,98.62652586,38.51201937,2.265103177,54.59145958,44.50983145,25.63073136,16.50616127,14.39816609,11.33665892,33.51530716,100,100,53.31634848,82.29642733,14.39816609,2.267318312,48.18986715,11.3366589,22.47411319,16.46113202,0,18.26792827,40.35574087,20.82538788,55.49016853,57.42521384,33.51530716,11.33665889,94.26349439,85.37930195,0,70.50204789,72.06092129,100,16.45536121,14.43099456,28.51612977,0,77.52588683,11.33665889,29.12477174,0,48.60825674,100,19.29410342,41.95172213,96.18218602,0,60.81489217,6.93E-16,61.36800623,34.34138854,77.52588685,0,66.48469284,77.52588674,100,100,0
6,39.70533624,40.36939702,23.64851445,66.48469276,18.82899247,9.83E+01,25.5214315,43.64704389,0,46.48049801,8.192389099,11.3366589,35.04906901,70.87522827,33.34766517,89.31129329,74.04513099,27.43607866,51.64596901,77.52588681,34.93898767,4.73E+01,33.51530719,59.29366503,28.4852119,58.53762928,34.69565567,75.90144011,46.33330871,22.47411327,56.94318795,22.47411329,95.36303113,48.45412573,38.36054609,66.73134057,0,97.54197385,86.09145851,19.45547733,35.01920422,83.8204012,100,24.74285681,32.68172275,28.50557481,55.49016854,22.47411319,47.84369065,85.93017604,49.10907085,17.80978616,7.09E+01,2.363276713,0,22.47411315,44.50983148,64.95093099,81.97974235,100,78.60133325,58.86752446,22.47411317,38.51201937,55.49016853,33.51530715,58.46720211,85.05853195,44.5098314,0,23.56772332,73.68660418,49.12775051,2.91E+01,4.31E+01,3.230047798,33.51530719,66.48469276,29.12477174,44.50983148,16.46113203,14.42334722,56.93348822,11.18660665,67.64137622,24.39864797,61.47316621,28.8480932,30.66618654,0,22.47411329,100,22.47411326,0,14.74756522,0,65.1328281
7,81.59829515,83.71529571,80.70589658,100,83.49383872,9.83E+01,48.52322356,97.66810348,34.68434541,97.49374895,100,77.52588679,51.39174328,42.47693835,35.29178223,94.43758179,46.23771213,51.99804764,81.93065997,88.66334109,83.53886797,94.56592621,11.33665897,61.4269874,0,96.79506146,0,100,47.32285772,33.51530724,56.94318795,88.66334112,97.60380537,24.14181031,30.29345926,100,100,97.41276028,87.04349032,100,98.71772961,68.62720036,77.52588674,27.57362926,83.03255691,70.87522826,77.52588683,77.52588672,0,77.68398316,0,83.69218518,85.56900544,6.280069469,46.85455145,77.52588672,100,83.49492926,93.04342624,19.39463472,41.26083042,41.99403515,88.66334111,76.47295865,77.52588683,77.52588677,99.52932817,84.21764382,77.52588672,85.01454343,76.02225188,69.85749785,100,71.49442519,100,57.24918717,55.49016854,100,100,55.4901685,100,85.01454339,80.21301315,72.71495656,17.78801726,20.55918468,27.17019863,100,100,100,33.51530726,0,55.49016856,22.47411326,27.40155877,55.49016852,99.81869727
8,69.15557201,71.10672248,61.81156234,77.52588673,51.29443818,100,49.50540224,84.26804079,34.47233259,92.64018746,55.37626406,55.49016853,83.53886798,70.87522827,32.85549338,94.48239281,74.04571184,51.99804764,96.58610325,66.48469282,51.39174328,99.67770358,44.50983147,57.16034266,56.94318796,88.40309085,83.32670192,80.06624763,88.75443677,44.50983151,56.94318795,55.4901686,93.63697004,3.160365104,35.86670731,83.65385097,30.17173114,75.23784945,82.40497581,76.47295864,100,84.02712613,33.51530718,48.74567816,81.0605985,56.40691187,33.51530718,100,57.54334678,69.17401614,46.38337925,31.93479677,7.09E+01,76.14986292,17.43608525,44.50983141,88.6633411,66.91703686,92.96272823,0,40.93360466,58.69828832,77.52588683,78.35326558,88.66334111,44.50983144,88.10800121,100,66.48469274,56.53935076,69.82265707,73.88715934,50.8722495,57.52306165,57.53086333,14.58534065,88.66334109,44.50983144,29.12477174,66.48469277,64.95093102,70.50204783,76.01375475,11.1873668,16.42726829,42.82952371,79.84864552,57.00889154,67.66708437,65.67186066,55.49016859,40.34855792,77.52588681,33.51530722,10.30305232,22.47411317,82.25313264
9,64.73929087,68.26425387,21.88661604,0,17.07785208,39.04916547,100,16.0216385,100,99.87082513,4.343077466,66.48469281,34.93898768,100,69.84845649,100,73.8614243,51.99804764,35.2947283,0,35.049069,4.73E+01,100,80.76207918,100,100,0.1115499554,76.01770748,18.35565743,77.52588679,100,44.50983155,92.96683651,25.29286631,31.0047511,71.94989571,2.12507342,100,92.56290603,7.84E+01,0,100,11.33665896,100,100,70.87522826,88.6633411,11.33665889,45.45028929,75.78428745,100,0,56.40691186,100,100,66.48469274,55.49016853,32.59692482,95.30605102,18.26792356,40.15961651,59.85142487,44.50983146,78.35326558,0,0,91.14694429,94.52571916,55.49016844,85.01454343,100,46.67972176,67.38681906,43.59308813,71.51478811,1.070917174,11.33665889,77.52588673,57.52306165,100,66.80695555,56.53935071,100,12.02863229,30.70162195,40.21547234,100,85.43789173,68.21800433,2.45280942,44.50983154,80.0625464,0,100,5.509743486,88.6633411,82.62720822
10,0,0,0,44.50983144,0,19.73042777,27.66573706,0,30.89769367,0,12.403019,0,0,56.40691187,0,0,76.25607644,0,36.86067935,22.47411317,0,0,22.47411322,19.192098,14.38642778,29.5609865,18.56408193,19.24545553,37.73635241,11.33665896,14.38642778,11.33665897,0,71.31831455,41.08995343,0,2.469480403,0,92.48861155,0,35.11522315,18.96465015,22.47411321,24.72443972,0,0,0,0,70.46440765,86.28157946,23.12771434,16.92054606,0,0,47.55386565,0,0,0,41.04313678,5.026501932,0,39.52608032,0,0,22.47411317,55.49016848,0,0,22.47411314,14.42334724,0,0,0,0,0,0.06892446097,0,0,0,11.33665896,0,0,0,76.52581928,55.39563503,100,42.74555143,1.07E-15,0,97.15867926,11.33665897,40.34855792,11.33665896,11.33665895,20.72187286,33.51530717,64.19579226
,,,,,,,,,,,,,,,,,,,,,,,,,,,,,,,,,,,,,,,,,,,,,,,,,,,,,,,,,,,,,,,,,,,,,,,,,,,,,,,,,,,,,,,,,,,,,,,,,
,,,,,,,,,,,,,,,,,,,,,,,,,,,,,,,,,,,,,,,,,,,,,,,,,,,,,,,,,,,,,,,,,,,,,,,,,,,,,,,,,,,,,,,,,,,,,,,,,
,,,,,,,,,,,,,,,,,,,,,,,,,,,,,,,,,,,,,,,,,,,,,,,,,,,,,,,,,,,,,,,,,,,,,,,,,,,,,,,,,,,,,,,,,,,,,,,,,
,,,,,,,,,,,,,,,,,,,,,,,,,,,,,,,,,,,,,,,,,,,,,,,,,,,,,,,,,,,,,,,,,,,,,,,,,,,,,,,,,,,,,,,,,,,,,,,,,
Questionable,,13,,,,,?,,,,,,,,,,,,,,,,,,,,,,,,,,,?,,,,,,,?,?,,?,,,,,,,,,,,?,,,,,?,?,?,,,,,,,,,,,,,,,,,,,,,,,,?,?,,,?,,,,,,,?
1-6 MTurkPattern,,,,,,,,,,,,,,,,,,,,,,,,,,,,,,,,,,,,,,,,,,,,,,,,,,,,,,,,,,,,,,,,,,,,,,,,,,,,,,,,,,,,,,,,,,,,,,,,,
7-95 MTurkPattern2,,,,,,,,,,,,,,,,,,,,,,,,,,,,,,,,,,,,,,,,,,,,,,,,,,,,,,,,,,,,,,,,,,,,,,,,,,,,,,,,,,,,,,,,,,,,,,,,,